{
	"google": [
		"https://www.google.com/"
	],
	"gmail": [
		"https://mail.google.com/mail/u/0/#inbox"
	],
	"github": [
		"https://github.com/"
	],
	"youtube": [
		"https://www.youtube.com/"
	],
	"hackerrank":[
		"https://www.hackerrank.com/dashboard"
	],
	"hackerearth":[
		"https://www.hackerearth.com/challenges/"
	],
	"codechef":[
		"https://www.codechef.com/"
	],
	"codecademy":[
		"https://www.codecademy.com/catalog"
	],
	"leetcode":[
		"https://leetcode.com/"
	],
	"udemy":[
		"https://www.udemy.com/"
	],
	"edx":[
		"https://www.edx.org/"
	],
	"coursera":[
		"https://www.coursera.org/"
	],
	"w3resource":[
		"https://www.w3resource.com/"
	],
	"w3schools":[
		"https://www.w3schools.com/"
	],
	"geeksforgeeks":[
		"https://www.geeksforgeeks.org/"
	],
	"stack overflow":[
		"https://stackoverflow.com/"
	],
	"instagram": [
		"https://www.instagram.com/?hl=en"
	],
	"facebook": [
		"https://www.facebook.com/"
	],
	"linkedin": [
		"https://www.linkedin.com/"
	],
	"twitter": [
		"https://twitter.com/LOGIN"
	]
}